"subID","cog1","cog2","cog3"
"subject1","10.8987810542187","28.8205006365245","9.94790280238559"
"subject2","17.244966108005","37.4694715871286","2.97651738362152"
"subject3","15.470774427747","37.7299016033493","19.3874911361779"
"subject4","10.0013840844221","31.666858753581","4.80529413632727"
"subject5","12.4777687049425","31.4142568196068","22.7129830061646"
"subject6","11.8445812711799","36.0557249586452","53.0741361200369"
"subject7","12.9642036854989","31.7809760541641","20.6173053260941"
"subject8","10.7810844722097","25.803636673494","40.5514730480205"
"subject9","17.7263492911702","32.8956749793172","57.9327156114392"
"subject10","8.20707580612088","31.1062188033351","13.0781376006178"
"subject11","10.3027595770386","33.0466845784962","40.6890562228092"
"subject12","4.66006813609715","32.4912823858206","15.5618770961203"
"subject13","13.887474953468","28.8581348231636","3.78253182675241"
"subject14","15.5091471095085","31.6408378236907","5.60793424710377"
"subject15","14.3369867233035","29.6242875398278","3.81148102282763"
"subject16","5.83953519412121","34.9001568477587","1.74541152061992"
"subject17","11.2383084915821","36.8507712841589","34.4939058531404"
"subject18","14.780109854151","25.2509946728516","3.1066655066148"
"subject19","8.75795241087309","30.2441197426529","8.75252215792754"
"subject20","9.36354840375415","29.3900576384436","0.0910132398598138"
"subject21","11.8830808889448","23.7569512432045","8.98607147955475"
"subject22","11.0950562542991","31.9422067324203","27.3020929027741"
"subject23","11.9954796272379","33.1117835128547","9.13639334681647"
"subject24","13.9534626511344","36.7257424391409","102.415527545933"
"subject25","11.694439710576","27.955257447927","22.7659518210244"
"subject26","12.6280897455119","29.3492242091903","5.15815534443394"
"subject27","19.9615932071087","36.6212758057187","26.4496400675158"
"subject28","13.379516569968","38.5015105466978","24.1347306507819"
"subject29","12.6040099498555","26.7427335216918","67.3074459209818"
"subject30","5.97327062414965","32.5764841177506","6.20252655729025"
"subject31","10.0085681428667","30.886574360024","28.0886308557988"
"subject32","11.291756309866","25.5408805313558","35.8423320410319"
"subject33","11.96465334461","30.4669805421967","51.5882001131018"
"subject34","10.1586635479323","31.9773941927526","12.0531276380326"
"subject35","9.80218991218336","35.1552627008123","9999"
"subject36","7.83767910453964","34.8222146181064","17.895256944316"
"subject37","11.3135855507207","27.6011505036989","26.5367036417284"
"subject38","16.3780244736916","32.2192053209091","44.7223338709321"
"subject39","15.3570772049898","29.6807974708258","3.38741148156602"
"subject40","8.92007464617083","30.2228684701235","21.2056528316879"
"subject41","4.94225063638378","31.7894876370198","86.2287162098596"
"subject42","","34.5081806515988","37.8427293285727"
"subject43","8.62671840027848","28.2344528468966","16.8709837925376"
"subject44","10.3109140126849","44.7385384301294","13.5716325562608"
"subject45","9.87965671775739","32.5194366284746","16.813459235299"
"subject46","18.421378210662","28.9393451554917","4.4693427178325"
"subject47","9.18319739674495","28.915343050227","1.08950409810412"
"subject48","8.11537769523357","33.7525004678512","53.301817582024"
"subject49","11.547962376696","31.3334719561584","31.5082387583043"
"subject50","8.78279173890108","30.6480635206024","42.8128497011749"
"subject51","missing","29.0657064580253","33.8446457827909"
"subject52","12.7476275650876","24.4706230788422","47.4219762368702"
"subject53","11.0667628348852","28.3047161762168","12.6763153000368"
"subject54","6.81005357080251","35.4040492529627","8.60147758834342"
"subject55","12.7062761311061","29.661164544202","40.4740270260716"
"subject56","10.9313502416249","34.2054506652702","8.43000125892388"
"subject57","7.45245296798564","9999","3.20334325198114"
"subject58","12.8660969191912","30.0291669007619","15.5669880672628"
"subject59","14.5093468131019","33.7664581391324","12.6791487896646"
"subject60","19.3587819556942","33.4136093899372","0.0579567477989184"
"subject61","10.4701089621272","32.2194388188735","35.351461719522"
"subject62","12.1495472880576","30.0655230280764","38.362166332441"
"subject63","10.2897575022473","31.3904711089063","12.848591807864"
"subject64","10.2092986927009","25.9896308313516","3.90812638574045"
"subject65","4.454581673987","35.5386687419999","25.3016589773902"
"subject66","4.98661882407327","33.3891802788288","6.01618328910527"
"subject67","9.76738309962639","30.6174145128203","42.2779953750485"
"subject68","10.1405843821872","39.5475807686042","15.7695354655023"
"subject69","12.1751568801838","29.5975975695643","1.53117290978891"
"subject70","5.2441332055663","32.2177438878389","9.37671711079281"
"subject71","7.20416558551438","32.6807923008001","11.5830238579033"
"subject72","8.47525299539602","25.3950532352891","6.21545251726505"
"subject73","12.9581746631807","39.2442030565786","16.7403185425938"
"subject74","8.48483197731163","30.38850673718","3.43101001615556"
"subject75","7.60145813927041","31.0860234026456","31.016918491909"
"subject76","10.2396214560222","37.461310852224","3.83527415124092"
"subject77","10.9672116421597","28.9568881497984","18.5895564285163"
"subject78","10.4392515360039","28.1508417632864","26.0890945543878"
"subject79","19.3761983425462","32.7450642881645","6.81308099103372"
"subject80","8.40126825197364","32.7130967269258","63.6776291799897"
"subject81","9.08359108027059","29.0406523956145","0.227352897565002"
"subject82","8.4497216507688","29.4820749484547","29.62284775859"
"subject83","16.8396653658639","28.6641364232964","22.8312760055433"
"subject84","9.53764824675111","35.3235072021129","83.8523438915034"
"subject85","9.75373928867285","27.5980283564467","9.73188733825491"
"subject86","14.5188275658327","9999","6.01854184833651"
"subject87","6.8242283921548","36.188436241222","28.3462001334166"
"subject88","missing","28.7344773997515","19.4825397234603"
"subject89","12.0272872464227","30.2311400401137","8.47993234248618"
"subject90","8.56253884950287","37.7868228802115","20.555807237115"
"subject91","missing","40.8132045842114","9999"
"subject92","9.36007857030079","36.0188558770511","19.5334187573145"
"subject93","10.939686315983","29.8864728968997","46.4371920246903"
"subject94","11.7120793695499","29.9366853306183","23.8708157221428"
"subject95","15.4256513176907","31.9364115348476","28.6628907968684"
"subject96","5.94669884289","28.0045857341911","17.5797625246667"
"subject97","10.3276265689731","35.5648255282545","5.08357514555898"
"subject98","11.2025898311827","36.8151196690585","5.89182015388505"
"subject99","7.012603825446","32.8581617342749","41.0679706760434"
"subject100","6.88013486870142","22.554759116904","0.713745191884448"
"subject101","11.9424632301547","28.2200504375099","26.5808144345612"
"subject102","11.5770395748584","35.0827915185837","25.7276070636843"
"subject103","3.84210312079862","30.0444365107951","12.6382545435527"
"subject104","15.329835058302","30.8040784278764","45.6035026014838"
"subject105","10.7491772079556","31.0887704246977","47.5603175472181"
"subject106","19.7318635940747","30.5550028212918","5.0771237290101"
"subject107","12.0555947141533","26.832064770031","44.1305129303723"
"subject108","10.5697302113216","29.386422741189","5.65059125728497"
"subject109","20.9516516702659","31.01211865914","63.0049654665761"
"subject110","21.0631232765296","40.3427134737814","8.53743450513239"
"subject111","6.34386455112946","31.1922715569002","2.27603654423898"
"subject112","13.5009022590574","30.6837867697173","65.9958212314506"
"subject113","9.36625924410355","27.6109251284584","48.6923349081424"
"subject114","12.5985636689728","34.1504658855394","8.82092073782175"
"subject115","12.7281367314202","33.2316357248318","6.13464917682523"
"subject116","6.21429861139284","29.4371159936152","28.3348398222791"
"subject117","12.9138866567762","37.1938934988006","81.3786996567497"
"subject118","15.2477420894254","27.3093992927258","19.5851446708099"
"subject119","9.50772998759559","35.2379588596687","17.6243226191961"
"subject120","11.4786345257649","22.7001274178893","53.9973736685021"
"subject121","16.4754304202799","29.6034432654625",""
"subject122","12.6951887220488","29.5650612861809","36.0373744968829"
"subject123","6.72481658117989","32.1338965719858","15.3619901661111"
"subject124","10.6856709197866","30.1390527570884","56.081452252105"
"subject125","17.2913511509687","37.3751525829646","10.4410068119942"
"subject126","14.2458290497574","28.829280000957","25.293406332078"
"subject127","13.3438451322055","30.7688892030472","55.1168474772705"
"subject128","12.1636624213387","25.3161907087542","14.2033137609238"
"subject129","6.40919436343395","28.0668002606967","10.867461880109"
"subject130","12.9604210140204","32.3961570308094","2.72070264180683"
"subject131","7.13665319443653","32.2467751520186","20.9345288354442"
"subject132","10.5343421820898","38.0237672477218","1.59484488295565"
"subject133","14.9939317880947","28.8870214908947","5.66248859112931"
"subject134","6.58932066492657","34.626647069872","26.2786887978968"
"subject135","10.8007547526192","20.2283036591592","52.1693065454099"
"subject136","11.2849961184146","40.4447304389397","12.5572630878082"
"subject137","12.1757183034868","25.6463777649039","10.5205714909181"
"subject138","15.4665664655062","33.6911812768724","4.33433788100594"
"subject139","8.7284885485592","39.6551923962351","12.8035512930089"
"subject140","13.9396168365939","27.42545063029","51.9679255736015"
"subject141","11.7154221841579","31.3726430507566","10.666586988929"
"subject142","11.1653368197314","33.164771621618","1.51419615819073"
"subject143","13.4850919483276","29.7196118062076","28.2974271600773"
"subject144","8.73471810981142","36.4875845416046","15.9696603525157"
"subject145","6.05964725044478","30.8121876782985","75.0551216812638"
"subject146","8.51655737354973","31.5061122436131","27.1657329135071"
"subject147","15.2552714492663","27.4888119485645","62.1837609330519"
"subject148","10.1672943238376","33.8470669787175","49.7575934049602"
"subject149","13.0605900743292","30.6015868633282","22.2989201812392"
"subject150","9.43046008696738","26.4327018840036","20.2060199201758"
"subject151","13.5055767422522","33.5094370680912","37.2826882171056"
"subject152","7.14496137094856","30.1803245183178","8.25620667257575"
"subject153","15.7053134930197","35.8722640311057","9999"
"subject154","11.7541157807241","9999","17.0838497450523"
"subject155","7.58064153192489","29.5930059868794","15.3618287779251"
"subject156","12.1745703865984","30.4988701993511","57.787168617187"
"subject157","14.2922611823972","32.9624755132273","22.449695224341"
"subject158","11.6731929461638","31.905784297414","14.3921989498762"
"subject159","16.742188850806","41.6581530711547","5.08094536484267"
"subject160","10.0384391843365","32.9037587708573","14.7981730414884"
"subject161","13.3484098464712","31.2793095645909",""
"subject162","15.3169536318119","28.3846130737113","7.69153635317647"
"subject163","11.4800539779109","31.2942389640022","43.1191247908493"
"subject164","7.07221992153434","40.3614076435244","34.6704237829528"
"subject165","8.51473538916955","31.0670114761966","27.611208872023"
"subject166","13.4649182654239","33.305875857555","57.538381983128"
"subject167","9.78661979883732","33.944630873585","21.1668387121403"
"subject168","17.6931285339246","28.3171632032133","37.9324661031176"
"subject169","11.6054138814886","33.9985959268542","48.5788338844199"
"subject170","10.8097763994768","34.036133785548","50.7207924498822"
"subject171","6.92337325450866","32.2522561989446","12.2257847049696"
"subject172","8.25279497618424","32.6437788882086","53.2966157320002"
"subject173","13.0972428572715","34.299783446036","50.8932848766001"
"subject174","10.5570091294187","40.2878943772092","4.51443456261858"
"subject175","11.5426903606921","30.5429202918795","43.4536514615617"
"subject176","10.9301182330567","27.2258849127568","15.6653993236772"
"subject177","9.68332027361657","30.8812038468998","25.5445088640206"
"subject178","9.66236904701495","31.7940830901237","27.9822875138696"
"subject179","15.7151307547261","35.6512387239505","2.00576752707398"
"subject180","13.0643895407053","28.6779596492739","5.60392694648787"
"subject181","10.6919009214984","26.3574712180191","27.8233701751667"
"subject182","6.58604027237098","31.4748989279824","10.5528692064635"
"subject183","14.1113340785578","27.1004031405222","44.706119548267"
"subject184","8.72440451558492","25.7574654224156","26.4877292739072"
"subject185","9.14713096206625","28.4285987232415","4.23119444711344"
"subject186","14.9386917472693","30.9274028481116","24.4635533711907"
"subject187","8.64189806047531","35.795829359966","104.213264300898"
"subject188","6.40520870398982","31.1602702904187","4.55685232604165"
"subject189","17.6636931516459","31.3591068566439","34.6097367027489"
"subject190","2.86777922382244","33.2447622769284","11.0454898747155"
"subject191","11.7184345895788","33.4050785661782","64.9212995692624"
"subject192","15.2551975970708","28.6300607464967","7.47584083529201"
"subject193","9.98090282668629","38.5184973110121","32.3621185353561"
"subject194","11.3328611542347","29.1216758378889","43.8860948366034"
"subject195","11.3173911651657","25.0210337897398","64.4962603308391"
"subject196","15.3299940893264","32.3874938253265","8.91050629470333"
"subject197","11.4522981638576","32.2758569916474","29.8735350442554"
"subject198","9.26534866272243","27.2455654361824","0.992807723497899"
"subject199","12.7479761738206","30.3351573185506","2.0562295731918"
"subject200","12.4018670695293","25.9234540901176","5.85712425604861"
"subject201","7.19029289759262","37.563877929348","3.34843660788488"
"subject202","5.79763769801281","34.1018513388206","35.1339586757864"
"subject203","12.5128881279782","36.0390979784151","14.6494383486493"
"subject204","9.17811287567445","35.772035642615","9.22943260571082"
"subject205","8.84627483980065","32.6787638910105","10.8647884217196"
"subject206","12.2685781744481","30.8660647613167","52.8363923179147"
"subject207","7.7760111152419","29.9903642755568","24.4439679235889"
"subject208","12.5159243242438","30.3261669701546","5.50294090387792"
"subject209","8.12521483737424","35.376026874438","72.1229549915538"
"subject210","12.8714928225774","29.2226946554186","10.8689837131832"
"subject211","17.2734674234846","31.8114865292912","26.8332819941194"
"subject212","9.06886642020227","36.581955537771","21.350325190775"
"subject213","15.3845253470175","34.6485934188148","11.3457947234033"
"subject214","12.4754491833048","29.387985266763","0.754961647319221"
"subject215","11.7753784822229","30.3574132480279","4.253079329979"
"subject216","10.5483316030176","33.5604278148897","50.3521588789551"
"subject217","17.04098466188","35.9706171199555","5.16170014742557"
"subject218","5.58253498164401","30.7675358678491","27.0841538395519"
"subject219","8.07041562521901","32.6100874538499","3.7233335548285"
"subject220","7.40210098029512","30.516092642645","1.94434877310228"
"subject221","16.4650030046274","28.5407670681952","9.78735321905286"
"subject222","11.3897490155365","30.7276888802284","8.82850927923952"
"subject223","8.42598640159099","31.5123527911414","20.0425122167136"
"subject224","22.1889423170123","34.631411928132","missing"
"subject225","9.84988819633712","28.1172663412698","15.3317354864346"
"subject226","10.5800022020271","28.8268538779394","36.8117860786474"
"subject227","12.9595688004357","30.8865322492716","12.1226665238833"
"subject228","6.9810412135841","37.6538360931559","11.4460143328192"
"subject229","11.4709079280162","35.3655079398426","13.7030140262642"
"subject230","11.6922777565441","29.1843157745402","30.2300861110854"
"subject231","13.4992803920965","34.8777833334327","35.559159745237"
"subject232","8.85641396499887","34.681973068725","23.9258501992374"
"subject233","8.72645170512658","32.7271369898564","7.88445010837649"
"subject234","9.78107307751621","29.9130756655816","5.59957248526573"
"subject235","9.5424333661031","33.1099824722682","29.5624273440407"
"subject236","13.8971499000508","30.785140031802","42.8352773920507"
"subject237","17.0532657977859","28.4543874579929","25.5872165902683"
"subject238","11.497945750275","34.9213810234714","69.6343380313939"
"subject239","10.851403006129","32.3472953221484","90.3347820482395"
"subject240","9.01288350873499","28.8819802408863","22.7428350682827"
"subject241","10.207709433559","29.0012966090985","18.9265480138342"
"subject242","10.2907127011032","30.7037072743042","26.5610478520739"
"subject243","10.8701031632967","35.4327585664567","41.9800998760824"
"subject244","9.61062738865198","missing","24.7325461642597"
"subject245","7.45931083353904","39.441527249625","1.98384453036196"
"subject246","13.5912329912383","32.4821313491177","4.98287926123757"
"subject247","10.2443924444694","29.895770339342","12.7977950801878"
"subject248","12.9697462247214","25.843431276687","30.8234573621002"
"subject249","11.8176942918293","26.7597909701302","10.6389140717203"
"subject250","7.12645182354799","34.8472425782332","5.07593825647112"
"subject251","11.7731857282345","32.0494797247739","0.15520493462606"
"subject252","10.5193146204789","30.0647303373424","16.7459885006675"
"subject253","16.47930673988","31.0962512196668","42.3800677928093"
"subject254","12.3758706708064","33.1950135918312","44.7189320669794"
"subject255","10.9390535737573","40.0079843216851","95.9369440733246"
"subject256","12.8905437225772","21.4715446666536","41.5956123846082"
"subject257","8.20610672308691","29.992383735148","6.25353730376134"
"subject258","7.49231783981921","28.8011434680545","32.8017774693689"
"subject259","13.6328744036462","31.1642899922499","27.1737122584326"
"subject260","9.00063729632815","24.0525850206884","33.7835800999686"
"subject261","9.80211716094261","31.4504538352381","90.4899590980738"
"subject262","9.65433487173415","33.8251159821627","56.5440732059649"
"subject263","8.04846214367641","32.4465259922317","17.2340964815488"
"subject264","3.94393402275275","33.0981677577624","26.1353338876815"
"subject265","11.0465049105298","41.8981032197182","17.6734891200104"
"subject266","12.2849185229406","32.8698566301218","3.18957430035122"
"subject267","7.8761080468796","29.9507337860573","21.3837176173442"
"subject268","14.4472081553758","27.5308907261353","49.008674505032"
"subject269","13.2324954357992","32.3881745082763","11.6538529570351"
"subject270","14.0249208849816","34.1697345735811","5.33536303479587"
"subject271","7.12848858627313","36.9986362781828","13.7000022052881"
"subject272","10.5003438650628","30.3364517472212","74.3662738689976"
"subject273","9.69995812318357","29.9232877245169","9.72886465527381"
"subject274","12.3055222956453","26.5378461411765","19.3421033549238"
"subject275","10.1572493826794","36.4993690795271","1.03548312586203"
"subject276","11.9676874497521","29.124360721195","33.2113543828356"
"subject277","6.30829072401938","31.3977085731476","55.9464441992545"
"subject278","7.6671356713885","31.3232142268621","14.9656854876925"
"subject279","","35.8022141163372","13.1785612881708"
"subject280","9.73977122435769","30.3471709810255","27.5115886191591"
"subject281","9.86929154256556","27.674014264242","33.0497417146567"
"subject282","10.5026368834393","37.0391798009308","76.6657185148174"
"subject283","13.9421764357168","30.236282493352","43.8926935747125"
"subject284","15.7391625879986","26.2262841553485",""
"subject285","9.36799547901593","31.2300283072413","9999"
"subject286","11.0174830124969","30.0474461755496","10.2741809389625"
"subject287","16.6072360267832","32.8901297286462","7.0431112603129"
"subject288","4.96344558661214","35.5241960960757","31.8775692678518"
"subject289","10.9765190664296","31.8733200716923","20.9770268478221"
"subject290","16.19411285243","30.2603895367878","6.54059381269924"
"subject291","16.5807702071928","35.1484405039917","7.49424452817109"
"subject292","10.4697859700504","34.6125792440276","2.20278047864011"
"subject293","7.40917314815909","34.9656164206849","3.16892463287204"
"subject294","10.4963722584713","33.7757449937973","19.7922225998474"
"subject295","9.91112193296954","38.8043070053743","21.9372037358263"
"subject296","14.3584518468745","31.0492132115949","26.1923996167384"
"subject297","9.41925550175025","34.0182333270473","5.93383069591603"
"subject298","13.193317104668","28.8524057017001","17.6925007102728"
"subject299","13.9835202386198","31.1388719410785","22.6970979823886"
"subject300","9.57596748577328","32.4889569989301","38.388005857776"
"subject301","12.5545740445185","32.1791905598463","11.9813520344067"
"subject302","7.75621008725108","24.3131434777428","5.86145112374469"
"subject303","11.8907194889619","30.5109267032292","4.96118220476989"
"subject304","15.5093172259314","25.8615001322172","40.2907202831598"
"subject305","8.83698264837374","34.0292883648101","26.9810309785166"
"subject306","13.3239851229388","30.4804414982027","26.6343062248412"
"subject307","10.4334948121203","27.4179522570887","13.411694089849"
"subject308","12.9419308429983","33.3526146876686","1.69248203412689"
"subject309","10.6055124168663","31.7353005294172","14.7061996235258"
"subject310","8.71841084098539","36.6737397866915","45.7928991443008"
"subject311","12.8579291839929","33.6734823501095","19.0484484052226"
"subject312","6.30870722372849","37.7741306953849","14.0355360036104"
"subject313","11.5643620090081","21.4284685612335","45.7227061570554"
"subject314","12.4773724949955","33.1911660884031","25.8146524650283"
"subject315","3.47762605231206","27.9426410228783","39.1949667499841"
"subject316","7.23863620045358","34.2558660763427","14.0710312219176"
"subject317","6.51418732720908","32.446254359307","8.34541581190904"
"subject318","6.91491297873462","33.6912754849336","29.9297054381287"
"subject319","11.2587491178891","36.1630515025357","4.45527385745628"
"subject320","7.02121495073197","34.2686534372502","56.0457318990528"
"subject321","3.50635874401308","30.2431463882241","25.6210201425774"
"subject322","9.95977995174256","34.7636977237983","43.5478293189352"
"subject323","8.82809424557558","27.5281488128389","34.0013858398343"
"subject324","14.74171351609","34.0341789068677","40.6903740910472"
"subject325","6.68874359200351","","18.8620711218665"
"subject326","15.7161256183638","30.7581615784789","31.5254231059313"
"subject327","11.1950881468858","33.5653791727835","13.7130688137601"
"subject328","13.1595269044337","33.8176862858718","67.4436701717862"
"subject329","7.44242298905649","29.3100882389254","11.7037608852585"
"subject330","18.2517372156737","27.6196639447308","33.569425922735"
"subject331","9.50718750370853","31.7114196593279","8.52092680092991"
"subject332","4.525307247465","27.5987842183372","42.611022180002"
"subject333","11.347659291544","31.0104936686617","32.9383058595203"
"subject334","4.19666778780385","36.7876601706632","5.00561556001679"
"subject335","9.06846965263998","28.9041685664458","13.9969956599873"
"subject336","8.73331899043114","24.2194909128441","79.7712209758673"
"subject337","12.0454890712102","27.8493750139491","12.7507477427097"
"subject338","15.23038779436","34.9009244774338","29.5640492510869"
"subject339","7.82168510529654","35.7617427109475","21.5287478910858"
"subject340","12.4183266051251","24.9511317271784","6.41265645388912"
"subject341","14.2729693290063","31.9126564980467","96.2369784988845"
"subject342","7.64756798547206","34.4745407683901",""
"subject343","8.042786900502","36.1538272306751","20.7444447074025"
"subject344","11.952335089461","27.1782811422196","22.9086857614349"
"subject345","10.5491439098318","29.0366805293698","50.0341778674542"
"subject346","13.7560798734217","21.047620123942","11.2510017219872"
"subject347","16.4949897425522","33.323511618334","2.42614834379569"
"subject348","11.1612493587292","30.8723352333704","16.0049438698844"
"subject349","15.3654440645612","29.7598065423247","44.3994545119479"
"subject350","13.993297479479","28.3229119000634","11.2012255384154"
